abbas_,cd372fb85148700fa88095e3492d3f9f5beb43e555e5ff26d95f5a6adc36f8e6,888888
abbas,cd372fb85148700fa88095e3492d3f9f5beb43e555e5ff26d95f5a6adc36f8e6,76816314
ali_,cd372fb85148700fa88095e3492d3f9f5beb43e555e5ff26d95f5a6adc36f8e6,7777
ali_issa,cd372fb85148700fa88095e3492d3f9f5beb43e555e5ff26d95f5a6adc36f8e6,6666
faysal,cd372fb85148700fa88095e3492d3f9f5beb43e555e5ff26d95f5a6adc36f8e6,123456
saleh,cd372fb85148700fa88095e3492d3f9f5beb43e555e5ff26d95f5a6adc36f8e6,123
abbani,cd372fb85148700fa88095e3492d3f9f5beb43e555e5ff26d95f5a6adc36f8e6,135
test,cd372fb85148700fa88095e3492d3f9f5beb43e555e5ff26d95f5a6adc36f8e6,222
abba,cd372fb85148700fa88095e3492d3f9f5beb43e555e5ff26d95f5a6adc36f8e6,76816314
ali,e3b0c44298fc1c149afbf4c8996fb92427ae41e4649b934ca495991b7852b855,111
